Workbook

Sheet Overview
A1: Model vs actual, every site, every month with a month-end report
A3: Site-months | B3: =COUNTA('Site-months'!A2:A512) -> 511
A4: Sites | B4: 37
A5: Monthly L/kWh error, median of |error| | B5: =MEDIAN('Site-months'!R2:R512) -> 0.059513654
A6: Monthly L/kWh error, 90th percentile of |error| | B6: =PERCENTILE('Site-months'!R2:R512,0.9) -> 0.18702029
A7: Share of months within ±10% | B7: =COUNTIF('Site-months'!R2:R512,"<=0.1")/COUNTA('Site-months'!R2:R512) -> 0.7221135
A8: Bias (median error, + = model high) | B8: =MEDIAN('Site-months'!Q2:Q512) -> 0.007800174
A9: Fleet fuel, actual (L) | B9: =SUM('Site-months'!H2:H512) -> 30925998
A10: Fleet fuel, model (L) | B10: =SUM('Site-months'!L2:L512) -> 31219235
A11: Fleet fuel error | B11: =B10/B9-1 -> 0.0094818929
A13: How to read
A14: Each site-month was simulated from the site's hourly generator demand (unit counters, scaled to the month-end DG kWh so the kWh basis is the site meter).
A15: The PMS start/stop settings come from the site's own 1-minute data for that quarter (pms_source = quarter), else the site median, else a default by site type.
A16: Fuel per unit comes from the engine-family curves fitted with THAT SITE LEFT OUT, so every number is an out-of-sample prediction.
A17: "Curves on actual running" applies the same curves to what the units really did; the gap between it and the model is the dispatch model's own error.
A18: Actual = month-end Hybrid Performance Report fuel and DG kWh. Months with fewer than 20 days of hourly data, or where the report DG differs from the portal meter by more than 20% (site changes, partial billing months), are listed on the Excluded months tab and left out of the statistics.

Sheet Site-months
A1: Site | B1: Month | C1: Country | D1: Type | E1: Days of hourly data | F1: Fleet (kVA) | G1: Engine families | H1: Actual fuel (L) | I1: Actual DG kWh | J1: Actual L/kWh | K1: Solar share of load | L1: Model fuel (L) | M1: Model L/kWh | N1: Curves on actual running (L) | O1: PMS start | P1: PMS stop | Q1: Model error | R1: |Model error| | S1: PMS setting source | T1: Sim mean loading | U1: Site-meter ratio (report DG / unit counters)
A2: KSA - ARAMCO PMT - C | B2: 2025-01 | C2: KSA | D2: C | E2: 24 | F2: 500 + 500 + 300 | G2: JD 6090 (300 kVA), Volvo TAD1651 (500 kVA) | H2: 39000 | I2: 105059 | J2: =H2/I2 -> 0.37121998 | K2: 0.066 | L2: 36497 | M2: =L2/I2 -> 0.34739527 | N2: 36619 | O2: 0.49 | P2: 0.3 | Q2: =L2/H2-1 -> -0.064179487 | R2: =ABS(Q2) -> 0.064179487 | S2: quarter | T2: 0.34 | U2: 1.017
A3: KSA - ARAMCO PMT - C | B3: 2025-02 | C3: KSA | D3: C | E3: 28 | F3: 500 + 300 + 500 + 500 + 500 | G3: JD 6090 (300 kVA), Volvo TAD1651 (500 kVA) | H3: 38165 | I3: 87845 | J3: =H3/I3 -> 0.43445842 | K3: 0.071 | L3: 30939 | M3: =L3/I3 -> 0.3521999 | N3: 34784 | O3: 0.49 | P3: 0.3 | Q3: =L3/H3-1 -> -0.18933578 | R3: =ABS(Q3) -> 0.18933578 | S3: quarter | T3: 0.32 | U3: 1
A4: KSA - ARAMCO PMT - C | B4: 2025-03 | C4: KSA | D4: C | E4: 31 | F4: 300 + 500 + 500 + 500 | G4: JD 6090 (300 kVA), Volvo TAD1651 (500 kVA) | H4: 46706 | I4: 100676 | J4: =H4/I4 -> 0.46392387 | K4: 0.1 | L4: 43702 | M4: =L4/I4 -> 0.43408558 | N4: 41402 | O4: 0.49 | P4: 0.3 | Q4: =L4/H4-1 -> -0.064317218 | R4: =ABS(Q4) -> 0.064317218 | S4: quarter | T4: 0.27 | U4: 0.994
A5: KSA - ARAMCO PMT - C | B5: 2025-04 | C5: KSA | D5: C | E5: 30 | F5: 500 + 300 + 500 + 500 | G5: JD 6090 (300 kVA), Volvo TAD1651 (500 kVA) | H5: 59320 | I5: 165755 | J5: =H5/I5 -> 0.35787759 | K5: 0.062 | L5: 58325 | M5: =L5/I5 -> 0.35187475 | N5: 57590 | O5: 0.58 | P5: 0.41 | Q5: =L5/H5-1 -> -0.016773432 | R5: =ABS(Q5) -> 0.016773432 | S5: quarter | T5: 0.43 | U5: 1.084
A6: KSA - ARAMCO PMT - C | B6: 2025-06 | C6: KSA | D6: C | E6: 30 | F6: 500 + 500 + 500 + 300 | G6: JD 6090 (300 kVA), Volvo TAD1651 (500 kVA) | H6: 78300 | I6: 218465 | J6: =H6/I6 -> 0.35840981 | K6: 0.053 | L6: 72567 | M6: =L6/I6 -> 0.33216762 | N6: 74100 | O6: 0.58 | P6: 0.41 | Q6: =L6/H6-1 -> -0.073218391 | R6: =ABS(Q6) -> 0.073218391 | S6: quarter | T6: 0.45 | U6: 1.056
A7: KSA - ARAMCO PMT - C | B7: 2025-07 | C7: KSA | D7: C | E7: 28 | F7: 500 + 500 + 500 + 300 | G7: JD 6090 (300 kVA), Volvo TAD1651 (500 kVA) | H7: 83564 | I7: 265004 | J7: =H7/I7 -> 0.31533109 | K7: 0.043 | L7: 86474 | M7: =L7/I7 -> 0.32631206 | N7: 88992 | O7: 0.7 | P7: 0.43 | Q7: =L7/H7-1 -> 0.034823608 | R7: =ABS(Q7) -> 0.034823608 | S7: quarter | T7: 0.52 | U7: 1.244
A8: KSA - ARAMCO PMT - C | B8: 2025-08 | C8: KSA | D8: C | E8: 31 | F8: 500 + 500 + 500 + 300 | G8: JD 6090 (300 kVA), Volvo TAD1651 (500 kVA) | H8: 86929 | I8: 278672 | J8: =H8/I8 -> 0.3119402 | K8: 0.038 | L8: 90663 | M8: =L8/I8 -> 0.32533947 | N8: 94614 | O8: 0.7 | P8: 0.43 | Q8: =L8/H8-1 -> 0.042954595 | R8: =ABS(Q8) -> 0.042954595 | S8: quarter | T8: 0.55 | U8: 1.04
A9: KSA - ARAMCO PMT - C | B9: 2025-09 | C9: KSA | D9: C | E9: 30 | F9: 500 + 500 + 500 + 500 | G9: Volvo TAD1651 (500 kVA) | H9: 68202 | I9: 218730 | J9: =H9/I9 -> 0.31180908 | K9: 0.045 | L9: 71410 | M9: =L9/I9 -> 0.32647556 | N9: 71882 | O9: 0.7 | P9: 0.43 | Q9: =L9/H9-1 -> 0.047036744 | R9: =ABS(Q9) -> 0.047036744 | S9: quarter | T9: 0.51 | U9: 1.022
A10: KSA - ARAMCO PMT - C | B10: 2025-10 | C10: KSA | D10: C | E10: 31 | F10: 500 + 500 + 500 + 500 | G10: Volvo TAD1651 (500 kVA) | H10: 49800 | I10: 149198 | J10: =H10/I10 -> 0.33378464 | K10: 0.058 | L10: 49914 | M10: =L10/I10 -> 0.33454872 | N10: 50743 | O10: 0.72 | P10: 0.41 | Q10: =L10/H10-1 -> 0.0022891566 | R10: =ABS(Q10) -> 0.0022891566 | S10: quarter | T10: 0.43 | U10: 0.998
A11: KSA - ARAMCO PMT - C | B11: 2025-11 | C11: KSA | D11: C | E11: 30 | F11: 500 + 500 + 500 + 500 | G11: Volvo TAD1651 (500 kVA) | H11: 36440 | I11: 104601 | J11: =H11/I11 -> 0.34837143 | K11: 0.069 | L11: 35797 | M11: =L11/I11 -> 0.34222426 | N11: 35875 | O11: 0.72 | P11: 0.41 | Q11: =L11/H11-1 -> -0.017645445 | R11: =ABS(Q11) -> 0.017645445 | S11: quarter | T11: 0.36 | U11: 0.96
A12: KSA - ARAMCO PMT - C | B12: 2025-12 | C12: KSA | D12: C | E12: 31 | F12: 500 + 500 + 500 + 500 | G12: Volvo TAD1651 (500 kVA) | H12: 35526 | I12: 109516 | J12: =H12/I12 -> 0.32439096 | K12: 0.054 | L12: 37381 | M12: =L12/I12 -> 0.34132912 | N12: 37574 | O12: 0.72 | P12: 0.41 | Q12: =L12/H12-1 -> 0.052215279 | R12: =ABS(Q12) -> 0.052215279 | S12: quarter | T12: 0.37 | U12: 1
A13: KSA - ARAMCO PMT - C | B13: 2026-01 | C13: KSA | D13: C | E13: 31 | F13: 500 + 500 + 500 + 500 | G13: Volvo TAD1651 (500 kVA) | H13: 33047 | I13: 98284 | J13: =H13/I13 -> 0.33623988 | K13: 0.074 | L13: 35958 | M13: =L13/I13 -> 0.36585813 | N13: 34251 | O13: 0.45 | P13: 0.16 | Q13: =L13/H13-1 -> 0.088086664 | R13: =ABS(Q13) -> 0.088086664 | S13: quarter | T13: 0.29 | U13: 1.014
... A512: UAE - UG Camp - C | B512: 2026-09 | C512: UAE | D512: C | E512: 30 | F512: 800 + 800 + 1000 + 500 | G512: Cummins QSK23 (800 kVA), Cummins QST30 (1000 kVA), Volvo TAD1651 (500 kVA) | H512: 123292 | I512: 445710 | J512: =H512/I512 -> 0.27661933 | K512: 0.207 | L512: 127399 | M512: =L512/I512 -> 0.28583384 | N512: 127285 | O512: 0.73 | P512: 0.37 | Q512: =L512/H512-1 -> 0.033311164 | R512: =ABS(Q512) -> 0.033311164 | S512: quarter | T512: 0.52 | U512: 1.074

Sheet Excluded months
A1: Site | B1: Month | C1: Reason | D1: Days of hourly data | E1: Report DG kWh | F1: Portal DG kWh | G1: Actual L/kWh | H1: Model L/kWh (unreliable)
A2: KSA - ARAMCO PMT - C | B2: 2025-05 | C2: report DG differs >20% from portal | D2: 22 | E2: 216530 | F2: 144646 | G2: 0.353 | H2: 0.334
A3: KSA - ARCC (H) - C | B3: 2025-04 | C3: report DG differs >20% from portal | D3: 21 | E3: 203638 | F3: 128902 | G3: 0.371 | H3: 0.379
A4: KSA - AYTB Harad - C | B4: 2025-01 | C4: part month (<20 days of hourly data) | D4: 2 | E4: 33064 | F4: 2950 | G4: 0.677 | H4: 0.458
A5: KSA - AYTB Harad - C | B5: 2025-04 | C5: report DG differs >20% from portal | D5: 30 | E5: 108769 | F5: 86663 | G5: 0.301 | H5: 0.394
A6: KSA - AYTB Harad - C | B6: 2025-05 | C6: report DG differs >20% from portal | D6: 24 | E6: 137978 | F6: 109842 | G6: 0.365 | H6: 0.398
A7: KSA - AYTB Jubail - C | B7: 2025-01 | C7: part month (<20 days of hourly data) | D7: 11 | E7: 213817 | F7: 183610 | G7: 0.375 | H7: 0.303
A8: KSA - AYTB Jubail - C | B8: 2025-04 | C8: report DG differs >20% from portal | D8: 21 | E8: 381675 | F8: 252460 | G8: 0.357 | H8: 0.326
A9: KSA - Afnan - C | B9: 2025-02 | C9: part month (<20 days of hourly data) | D9: 1 | E9: 46044 | F9: 2674 | G9: 0.422 | H9: 0.401
A10: KSA - Afnan - C | B10: 2025-03 | C10: report DG differs >20% from portal | D10: 31 | E10: 65931 | F10: 53610 | G10: 0.472 | H10: 0.384
A11: KSA - Afnan - C | B11: 2025-04 | C11: report DG differs >20% from portal | D11: 28 | E11: 105616 | F11: 85948 | G11: 0.401 | H11: 0.339
A12: KSA - Afnan - C | B12: 2026-07 | C12: report DG differs >20% from portal | D12: 31 | E12: 14186 | F12: 54194 | G12: 0.314 | H12: 0.51
A13: KSA - Crystal Rabigh - C | B13: 2025-01 | C13: part month (<20 days of hourly data) | D13: 16 | E13: 99430 | F13: 96273 | G13: 0.381 | H13: 0.404
... A83: UAE - Techshore - I | B83: 2025-01 | C83: part month (<20 days of hourly data) | D83: 19 | E83: 2643 | F83: 2481 | G83: 0.746 | H83: 0.846

Sheet Site summary
A1: Site | B1: Months | C1: From | D1: To | E1: Actual fuel (L) | F1: Actual L/kWh | G1: Model fuel (L) | H1: Model L/kWh | I1: Whole-period error | J1: Typical monthly |error| | K1: Dispatch-only error (model vs curves on actual running)
A2: KSA - ARAMCO PMT - C | B2: 20 | C2: 2025-01 | D2: 2026-09 | E2: 1119572 | F2: =E2/SUMIFS('Site-months'!$I$2:$I$512,'Site-months'!$A$2:$A$512,A2) -> 0.33657572 | G2: 1121744 | H2: =G2/SUMIFS('Site-months'!$I$2:$I$512,'Site-months'!$A$2:$A$512,A2) -> 0.33722868 | I2: =G2/E2-1 -> 0.0019400271 | J2: 0.045 | K2: =G2/SUMIFS('Site-months'!$N$2:$N$512,'Site-months'!$A$2:$A$512,A2)-1 -> -0.01019415
A3: KSA - ARCC (H) - C | B3: 13 | C3: 2025-01 | D3: 2026-02 | E3: 946297 | F3: =E3/SUMIFS('Site-months'!$I$2:$I$512,'Site-months'!$A$2:$A$512,A3) -> 0.35982448 | G3: 941479 | H3: =G3/SUMIFS('Site-months'!$I$2:$I$512,'Site-months'!$A$2:$A$512,A3) -> 0.35799246 | I3: =G3/E3-1 -> -0.0050914248 | J3: 0.0511 | K3: =G3/SUMIFS('Site-months'!$N$2:$N$512,'Site-months'!$A$2:$A$512,A3)-1 -> 0.03253518
A4: KSA - AYTB Harad - C | B4: 9 | C4: 2025-02 | D4: 2025-12 | E4: 323234 | F4: =E4/SUMIFS('Site-months'!$I$2:$I$512,'Site-months'!$A$2:$A$512,A4) -> 0.35331951 | G4: 321262 | H4: =G4/SUMIFS('Site-months'!$I$2:$I$512,'Site-months'!$A$2:$A$512,A4) -> 0.35116396 | I4: =G4/E4-1 -> -0.0061008434 | J4: 0.1248 | K4: =G4/SUMIFS('Site-months'!$N$2:$N$512,'Site-months'!$A$2:$A$512,A4)-1 -> 0.053193721
A5: KSA - AYTB Jubail - C | B5: 19 | C5: 2025-02 | D5: 2026-09 | E5: 2355267 | F5: =E5/SUMIFS('Site-months'!$I$2:$I$512,'Site-months'!$A$2:$A$512,A5) -> 0.31677673 | G5: 2420389 | H5: =G5/SUMIFS('Site-months'!$I$2:$I$512,'Site-months'!$A$2:$A$512,A5) -> 0.32553546 | I5: =G5/E5-1 -> 0.027649519 | J5: 0.0514 | K5: =G5/SUMIFS('Site-months'!$N$2:$N$512,'Site-months'!$A$2:$A$512,A5)-1 -> 0.029530439
A6: KSA - Afnan - C | B6: 14 | C6: 2025-05 | D6: 2026-06 | E6: 569292 | F6: =E6/SUMIFS('Site-months'!$I$2:$I$512,'Site-months'!$A$2:$A$512,A6) -> 0.3363141 | G6: 571436 | H6: =G6/SUMIFS('Site-months'!$I$2:$I$512,'Site-months'!$A$2:$A$512,A6) -> 0.33758069 | I6: =G6/E6-1 -> 0.0037660814 | J6: 0.0546 | K6: =G6/SUMIFS('Site-months'!$N$2:$N$512,'Site-months'!$A$2:$A$512,A6)-1 -> -0.0030357168
A7: KSA - Crystal Rabigh - C | B7: 5 | C7: 2025-02 | D7: 2025-07 | E7: 537936 | F7: =E7/SUMIFS('Site-months'!$I$2:$I$512,'Site-months'!$A$2:$A$512,A7) -> 0.3355159 | G7: 507671 | H7: =G7/SUMIFS('Site-months'!$I$2:$I$512,'Site-months'!$A$2:$A$512,A7) -> 0.31663933 | I7: =G7/E7-1 -> -0.05626134 | J7: 0.0497 | K7: =G7/SUMIFS('Site-months'!$N$2:$N$512,'Site-months'!$A$2:$A$512,A7)-1 -> 0.012218294
A8: KSA - Fame Fardani - C | B8: 5 | C8: 2026-05 | D8: 2026-09 | E8: 1093909 | F8: =E8/SUMIFS('Site-months'!$I$2:$I$512,'Site-months'!$A$2:$A$512,A8) -> 0.30148057 | G8: 1116931 | H8: =G8/SUMIFS('Site-months'!$I$2:$I$512,'Site-months'!$A$2:$A$512,A8) -> 0.30782542 | I8: =G8/E8-1 -> 0.021045626 | J8: 0.0203 | K8: =G8/SUMIFS('Site-months'!$N$2:$N$512,'Site-months'!$A$2:$A$512,A8)-1 -> 0.0058798525
A9: KSA - Formula Arabia - C | B9: 10 | C9: 2025-12 | D9: 2026-09 | E9: 631455 | F9: =E9/SUMIFS('Site-months'!$I$2:$I$512,'Site-months'!$A$2:$A$512,A9) -> 0.33813431 | G9: 624303 | H9: =G9/SUMIFS('Site-months'!$I$2:$I$512,'Site-months'!$A$2:$A$512,A9) -> 0.33430452 | I9: =G9/E9-1 -> -0.011326223 | J9: 0.0218 | K9: =G9/SUMIFS('Site-months'!$N$2:$N$512,'Site-months'!$A$2:$A$512,A9)-1 -> -0.0073695658
A10: KSA - KENT - C | B10: 8 | C10: 2026-02 | D10: 2026-09 | E10: 744631 | F10: =E10/SUMIFS('Site-months'!$I$2:$I$512,'Site-months'!$A$2:$A$512,A10) -> 0.27788057 | G10: 876090 | H10: =G10/SUMIFS('Site-months'!$I$2:$I$512,'Site-months'!$A$2:$A$512,A10) -> 0.32693829 | I10: =G10/E10-1 -> 0.17654248 | J10: 0.1815 | K10: =G10/SUMIFS('Site-months'!$N$2:$N$512,'Site-months'!$A$2:$A$512,A10)-1 -> -0.0045438586
A11: KSA - MBL Camp - C | B11: 7 | C11: 2026-02 | D11: 2026-09 | E11: 139744 | F11: =E11/SUMIFS('Site-months'!$I$2:$I$512,'Site-months'!$A$2:$A$512,A11) -> 0.45289232 | G11: 149021 | H11: =G11/SUMIFS('Site-months'!$I$2:$I$512,'Site-months'!$A$2:$A$512,A11) -> 0.48295788 | I11: =G11/E11-1 -> 0.066385677 | J11: 0.1527 | K11: =G11/SUMIFS('Site-months'!$N$2:$N$512,'Site-months'!$A$2:$A$512,A11)-1 -> 0.043301409
A12: KSA - MBL JCD Opera - S | B12: 19 | C12: 2025-01 | D12: 2026-09 | E12: 381852 | F12: =E12/SUMIFS('Site-months'!$I$2:$I$512,'Site-months'!$A$2:$A$512,A12) -> 0.49975788 | G12: 352375 | H12: =G12/SUMIFS('Site-months'!$I$2:$I$512,'Site-months'!$A$2:$A$512,A12) -> 0.46117915 | I12: =G12/E12-1 -> -0.077194829 | J12: 0.0867 | K12: =G12/SUMIFS('Site-months'!$N$2:$N$512,'Site-months'!$A$2:$A$512,A12)-1 -> -0.063265935
A13: KSA - MBL Oceanarium - S | B13: 18 | C13: 2025-01 | D13: 2026-09 | E13: 156131 | F13: =E13/SUMIFS('Site-months'!$I$2:$I$512,'Site-months'!$A$2:$A$512,A13) -> 0.46815471 | G13: 156960 | H13: =G13/SUMIFS('Site-months'!$I$2:$I$512,'Site-months'!$A$2:$A$512,A13) -> 0.47064044 | I13: =G13/E13-1 -> 0.0053096438 | J13: 0.0776 | K13: =G13/SUMIFS('Site-months'!$N$2:$N$512,'Site-months'!$A$2:$A$512,A13)-1 -> -0.0034348988
... A38: UAE - UG Camp - C | B38: 21 | C38: 2025-01 | D38: 2026-09 | E38: 1737049 | F38: =E38/SUMIFS('Site-months'!$I$2:$I$512,'Site-months'!$A$2:$A$512,A38) -> 0.2814445 | G38: 1802994 | H38: =G38/SUMIFS('Site-months'!$I$2:$I$512,'Site-months'!$A$2:$A$512,A38) -> 0.29212921 | I38: =G38/E38-1 -> 0.037963811 | J38: 0.0337 | K38: =G38/SUMIFS('Site-months'!$N$2:$N$512,'Site-months'!$A$2:$A$512,A38)-1 -> 0.0032998268

Sheet Fleet by month
A1: Month | B1: Sites | C1: Actual fuel (L) | D1: Actual DG kWh | E1: Actual L/kWh | F1: Model fuel (L) | G1: Model L/kWh | H1: Fleet error
A2: 2025-01 | B2: 16 | C2: 341288 | D2: 877354 | E2: =C2/D2 -> 0.38899692 | F2: 332395 | G2: =F2/D2 -> 0.37886076 | H2: =F2/C2-1 -> -0.026057172
A3: 2025-02 | B3: 18 | C3: 447147 | D3: 1159654 | E3: =C3/D3 -> 0.38558656 | F3: 423700 | G3: =F3/D3 -> 0.3653676 | H3: =F3/C3-1 -> -0.052436894
A4: 2025-03 | B4: 20 | C4: 611082 | D4: 1823736 | E4: =C4/D4 -> 0.33507152 | F4: 619448 | G4: =F4/D4 -> 0.33965881 | H4: =F4/C4-1 -> 0.01369047
A5: 2025-04 | B5: 14 | C5: 571930 | D5: 1856913 | E5: =C5/D5 -> 0.30800043 | F5: 581766 | G5: =F5/D5 -> 0.31329739 | H5: =F5/C5-1 -> 0.017197909
A6: 2025-05 | B6: 18 | C6: 1436423 | D6: 4435092 | E6: =C6/D6 -> 0.32387671 | F6: 1371372 | G6: =F6/D6 -> 0.30920937 | H6: =F6/C6-1 -> -0.045286799
A7: 2025-06 | B7: 23 | C7: 1726352 | D7: 5393469 | E7: =C7/D7 -> 0.32008194 | F7: 1674459 | G7: =F7/D7 -> 0.31046048 | H7: =F7/C7-1 -> -0.030059339
A8: 2025-07 | B8: 21 | C8: 1653154 | D8: 5380815 | E8: =C8/D8 -> 0.30723115 | F8: 1639479 | G8: =F8/D8 -> 0.30468972 | H8: =F8/C8-1 -> -0.0082720666
A9: 2025-08 | B9: 22 | C9: 1835398 | D9: 6218568 | E9: =C9/D9 -> 0.29514801 | F9: 1869079 | G9: =F9/D9 -> 0.30056421 | H9: =F9/C9-1 -> 0.018350788
A10: 2025-09 | B10: 27 | C10: 2106302 | D10: 6934625 | E10: =C10/D10 -> 0.30373697 | F10: 2118633 | G10: =F10/D10 -> 0.30551515 | H10: =F10/C10-1 -> 0.0058543362
A11: 2025-10 | B11: 27 | C11: 1495534 | D11: 4739478 | E11: =C11/D11 -> 0.31554825 | F11: 1504769 | G11: =F11/D11 -> 0.31749678 | H11: =F11/C11-1 -> 0.0061750519
A12: 2025-11 | B12: 27 | C12: 1208282 | D12: 3670586 | E12: =C12/D12 -> 0.32917959 | F12: 1189829 | G12: =F12/D12 -> 0.32415233 | H12: =F12/C12-1 -> -0.015272097
A13: 2025-12 | B13: 29 | C13: 1076540 | D13: 3217438 | E13: =C13/D13 -> 0.33459541 | F13: 1067713 | G13: =F13/D13 -> 0.33185193 | H13: =F13/C13-1 -> -0.0081994166
... A22: 2026-09 | B22: 27 | C22: 2772867 | D22: 9086474 | E22: =C22/D22 -> 0.30516425 | F22: 2807720 | G22: =F22/D22 -> 0.30899995 | H22: =F22/C22-1 -> 0.012569301
